Reservation_ID,Member_Name,Book_Title,Category_Name,Reservation_Date,Expiry_Date,Status,Queue_Position
129,John Dawson,The Case of the Golden Light,Mystery,2026-05-11,2026-05-18,Pending,5
132,Brandon Kim,Shadow in Business,Business,2026-05-10,2026-05-17,Fulfilled,3
286,Timothy Carroll,The Broken Secret,Mystery,2026-05-05,2026-05-12,Pending,1
209,Andrea Jones,A Story of Dream,Fiction,2026-05-03,2026-05-10,Fulfilled,1
341,Frank Perez,Principles of Star,Science,2026-05-01,2026-05-08,Expired,5
148,Tracey Wilson,Understanding Fire,Science,2026-04-22,2026-04-29,Fulfilled,4
154,Melissa Rivas,Murder at Stonehaven,Mystery,2026-04-19,2026-04-26,Fulfilled,1
183,Catherine Morris,Thinking About Light,Philosophy,2026-04-18,2026-04-25,Pending,3
38,Shawn Garcia,Understanding Path,Science,2026-04-16,2026-04-23,Expired,3
31,Kayla Griffin,Principles of Fire,Science,2026-04-02,2026-04-09,Cancelled,3
18,Daisy Smith,The Power of Storm,Self-Help,2026-03-30,2026-04-06,Expired,4
187,Paul White,Missing Shadow,Mystery,2026-03-29,2026-04-05,Pending,1
36,Jeffrey Morgan,The History of Mountain,History,2026-03-25,2026-04-01,Pending,1
188,Brittany Hood,My First Ocean,Children,2026-03-22,2026-03-29,Pending,1
49,Kayla Griffin,Mastering Storm,Technology,2026-03-19,2026-03-26,Cancelled,5
3,Dylan Jackson,Mastering Shadow,Technology,2026-03-16,2026-03-23,Fulfilled,5
175,Cody Simmons,Master Your River,Self-Help,2026-03-16,2026-03-23,Fulfilled,1
273,Nathan Richards,Murder at Stonehaven,Mystery,2026-03-16,2026-03-23,Pending,1
170,Peter Gamble,The Philosophy of Dream,Philosophy,2026-03-12,2026-03-19,Fulfilled,5
295,Brian Baker,Understanding Storm,Science,2026-03-11,2026-03-18,Cancelled,4
137,Randy Brooks,Principles of Shadow,Science,2026-03-06,2026-03-13,Pending,5
227,Jeremy Johnson,Leading with Mountain,Business,2026-03-02,2026-03-09,Pending,1
214,Joyce Malone,Master Your Storm,Self-Help,2026-02-23,2026-03-02,Fulfilled,2
17,Omar Padilla,The Rise of Light,History,2026-02-20,2026-02-27,Expired,4
173,Michelle Rivera,The River Strategy,Business,2026-02-18,2026-02-25,Cancelled,1
275,Rachel Greene,Missing Star,Mystery,2026-02-12,2026-02-19,Expired,2
99,Melissa Estrada,Shadow in Practice,Technology,2026-02-08,2026-02-15,Fulfilled,3
23,Jose Williams,Lost Mountain,History,2026-02-06,2026-02-13,Fulfilled,4
22,Danielle Dean,Little Storm,Children,2026-02-04,2026-02-11,Fulfilled,3
294,Sarah Gibson,Master Your Shadow,Self-Help,2026-01-31,2026-02-07,Fulfilled,3
136,Michelle Wells,Master Your Storm,Self-Help,2026-01-30,2026-02-06,Fulfilled,2
220,Angela Gonzales,The Rise of Mountain,History,2026-01-27,2026-02-03,Pending,3
7,Deborah Parker,Ocean Explained,Science,2026-01-24,2026-01-31,Expired,5
260,Stephen Madden,The Shadow Handbook,Technology,2026-01-24,2026-01-31,Fulfilled,3
32,Jeffery Wagner,Murder at Clearwater,Mystery,2026-01-16,2026-01-23,Fulfilled,5
196,Robert Barr,Missing Ocean,Mystery,2026-01-15,2026-01-22,Expired,1
159,Christine Becker,Lost Path,History,2026-01-14,2026-01-21,Fulfilled,5
221,Steven Frye,Ocean Explained,Science,2026-01-14,2026-01-21,Fulfilled,2
50,Sarah Gibson,The Last River,Fiction,2026-01-13,2026-01-20,Expired,4
323,John Wells,In the Words of Tiffany Watson,Biography,2026-01-13,2026-01-20,Cancelled,4
228,Travis Watts,On Dream,Philosophy,2026-01-12,2026-01-19,Expired,1
111,Rebecca Lee,When Mountain Falls,Fiction,2026-01-08,2026-01-15,Fulfilled,1
127,Zachary Mccoy,Little Star,Children,2026-01-08,2026-01-15,Cancelled,5
55,Jennifer Coleman,Dream in Business,Business,2026-01-07,2026-01-14,Fulfilled,5
212,Robert Barr,The Adventures of Star,Children,2026-01-07,2026-01-14,Pending,1
107,Yolanda Smith,The Science of Shadow,Science,2026-01-05,2026-01-12,Fulfilled,4
126,Adam Macias,Understanding Dream,Science,2026-01-04,2026-01-11,Fulfilled,3
347,Randy Velasquez,Fire in Business,Business,2025-12-24,2025-12-31,Pending,2
167,Anthony Alvarez,Path in Practice,Technology,2025-12-19,2025-12-26,Expired,4
165,Gary Richardson,The Power of River,Self-Help,2025-12-17,2025-12-24,Pending,5
291,Lawrence Floyd,Lost Mountain,History,2025-12-05,2025-12-12,Fulfilled,1
9,Wendy Sanders,The Ocean Handbook,Technology,2025-12-04,2025-12-11,Fulfilled,4
207,John Scott,Path Every Day,Self-Help,2025-12-04,2025-12-11,Fulfilled,5
166,Tara Johnson,Murder at Clearwater,Mystery,2025-12-01,2025-12-08,Expired,4
194,Brian Baker,Ocean Explained,Science,2025-11-24,2025-12-01,Pending,4
297,Tracey Wilson,Path and Meaning,Philosophy,2025-11-24,2025-12-01,Pending,3
48,Deborah Parker,Leading with Mountain,Business,2025-11-22,2025-11-29,Pending,5
211,Nicole James,The Life of Shane Torres,Biography,2025-11-20,2025-11-27,Expired,3
340,Ann Rodriguez,On Light,Philosophy,2025-11-17,2025-11-24,Fulfilled,4
301,Karen Evans,Modern Ocean,Technology,2025-11-08,2025-11-15,Fulfilled,1
300,Julie Hernandez,In the Words of David Cooper,Biography,2025-11-07,2025-11-14,Expired,2
143,Patrick Torres,The Last River,Fiction,2025-11-06,2025-11-13,Cancelled,5
10,Jeremy Johnson,Path in Practice,Technology,2025-11-04,2025-11-11,Fulfilled,2
57,Karen Evans,Murder at Millbrook,Mystery,2025-11-03,2025-11-10,Fulfilled,1
205,Karen Evans,Principles of River,Science,2025-10-29,2025-11-05,Fulfilled,3
102,Barbara Ray,Little Star,Children,2025-10-28,2025-11-04,Fulfilled,3
87,Barbara Ray,On Light,Philosophy,2025-10-27,2025-11-03,Cancelled,5
116,Lisa Adams,The History of Mountain,History,2025-10-27,2025-11-03,Cancelled,2
293,Kimberly Bryant,Star Every Day,Self-Help,2025-10-27,2025-11-03,Fulfilled,3
314,Jose Williams,Mastering Shadow,Technology,2025-10-27,2025-11-03,Pending,1
312,Stacy Holloway,The Rise of Light,History,2025-10-16,2025-10-23,Fulfilled,1
265,James Stewart,The History of Light,History,2025-10-02,2025-10-09,Fulfilled,2
110,April Mcintyre,Mountain: A Chronicle,History,2025-09-29,2025-10-06,Pending,5
258,Mario Mcdonald,Master Your River,Self-Help,2025-09-24,2025-10-01,Fulfilled,1
204,Jennifer Garcia,Master Your Mountain,Self-Help,2025-09-17,2025-09-24,Fulfilled,1
197,Travis Brown,The Last Dream,Fiction,2025-09-13,2025-09-20,Pending,5
90,Amy Lopez,Thinking About Fire,Philosophy,2025-09-12,2025-09-19,Cancelled,2
144,Regina Turner,A Story of Light,Fiction,2025-09-11,2025-09-18,Cancelled,5
112,Courtney Conner,The Power of Shadow,Self-Help,2025-08-30,2025-09-06,Fulfilled,5
51,Nicole Moore,The Science of Mountain,Science,2025-08-03,2025-08-10,Cancelled,3
176,Rachel Greene,My First Shadow,Children,2025-08-02,2025-08-09,Fulfilled,1
177,Robert Johnson,Leading with Storm,Business,2025-08-01,2025-08-08,Fulfilled,1
317,Luis Acosta,On Storm,Philosophy,2025-07-24,2025-07-31,Fulfilled,5
335,Rebecca Lee,Master Your Dream,Self-Help,2025-07-18,2025-07-25,Pending,2
280,Tara Johnson,Missing Star,Mystery,2025-07-12,2025-07-19,Fulfilled,2
4,Brandon Flynn,Star in Practice,Technology,2025-07-07,2025-07-14,Expired,4
93,Angela Gonzales,Star Every Day,Self-Help,2025-07-02,2025-07-09,Pending,3
92,Courtney Conner,The Power of Storm,Self-Help,2025-06-28,2025-07-05,Expired,3
119,Cynthia Faulkner,The History of Path,History,2025-06-21,2025-06-28,Fulfilled,1
244,Andrea Stephens,The Case of the Forgotten Dream,Mystery,2025-06-16,2025-06-23,Fulfilled,4
216,Valerie Jones,Thinking About Shadow,Philosophy,2025-06-15,2025-06-22,Fulfilled,2
72,Courtney Conner,When Mountain Falls,Fiction,2025-06-11,2025-06-18,Fulfilled,3
71,Charlene Hahn,My First Ocean,Children,2025-06-09,2025-06-16,Fulfilled,3
142,Michelle Cochran,Path and Meaning,Philosophy,2025-06-07,2025-06-14,Fulfilled,1
336,Kristin Walter,The Case of the Lost Storm,Mystery,2025-06-07,2025-06-14,Expired,3
203,Brian Cooper,A Story of Path,Fiction,2025-05-31,2025-06-07,Fulfilled,1
162,Danielle White,Murder at Riverdale,Mystery,2025-05-30,2025-06-06,Fulfilled,5
28,Robert Hawkins,Lost Storm,History,2025-05-29,2025-06-05,Pending,3
169,Jennifer Rodriguez,Finding Angel Harris,Biography,2025-05-28,2025-06-04,Pending,1
252,Jeremiah Peterson,Dream in Business,Business,2025-05-27,2025-06-03,Pending,3
83,Julie Hernandez,A Story of Fire,Fiction,2025-05-26,2025-06-02,Expired,4
122,Kathryn Weaver,The Storm Strategy,Business,2025-05-25,2025-06-01,Pending,5
128,Jonathan Reyes,The History of Path,History,2025-05-21,2025-05-28,Expired,2
120,Randy Brooks,The Rise of Shadow,History,2025-05-20,2025-05-27,Fulfilled,3
21,Andrew Smith,Dream Every Day,Self-Help,2025-05-17,2025-05-24,Pending,4
26,Joshua Evans,On Shadow,Philosophy,2025-05-13,2025-05-20,Cancelled,5
283,Danielle Dean,Finding Karla Willis,Biography,2025-05-08,2025-05-15,Fulfilled,1
12,Nicole James,Ancient Ocean,Fiction,2025-05-07,2025-05-14,Fulfilled,1
240,Jennifer Garcia,James Lee: A Memoir,Biography,2025-05-05,2025-05-12,Cancelled,1
210,Kathy Obrien,In the Words of Mark Garner,Biography,2025-04-26,2025-05-03,Cancelled,5
190,Catherine Morris,The Last Storm,Fiction,2025-04-19,2025-04-26,Fulfilled,2
342,Timothy Gibson,Lost Mountain,History,2025-04-14,2025-04-21,Pending,3
315,Sara Little,The Last River,Fiction,2025-04-13,2025-04-20,Fulfilled,1
223,Joshua White,The Dream Strategy,Business,2025-04-11,2025-04-18,Expired,3
164,Michael Rodriguez,The Last Storm,Fiction,2025-04-09,2025-04-16,Pending,1
181,Jennifer Wilson,The Life of Rebecca Bailey,Biography,2025-04-04,2025-04-11,Expired,2
189,Cynthia Benjamin,In the Words of David Cooper,Biography,2025-03-28,2025-04-04,Pending,3
259,Steven Frye,Master Your River,Self-Help,2025-03-25,2025-04-01,Fulfilled,1
56,Steven Frye,Storm: A Chronicle,History,2025-03-21,2025-03-28,Fulfilled,3
35,Laura Martin,The Power of River,Self-Help,2025-03-20,2025-03-27,Fulfilled,4
64,John Dawson,Understanding Path,Science,2025-03-19,2025-03-26,Pending,4
327,Laura Martin,A Story of Ocean,Fiction,2025-03-16,2025-03-23,Fulfilled,1
277,Renee Jones,Lost Dream,History,2025-03-15,2025-03-22,Fulfilled,1
324,John Wise,Little Fire,Children,2025-03-13,2025-03-20,Pending,2
332,Johnathan Gilbert,A Story of Dream,Fiction,2025-03-12,2025-03-19,Expired,5
234,Jennifer Garcia,Modern Path,Technology,2025-03-07,2025-03-14,Pending,2
88,Janet Williams,Mountain: A Chronicle,History,2025-03-06,2025-03-13,Expired,5
98,Kathryn Weaver,The Dream Strategy,Business,2025-03-01,2025-03-08,Expired,4
328,Michelle Wells,The Power of Storm,Self-Help,2025-02-23,2025-03-02,Pending,2
54,Corey Martin,Principles of Mountain,Science,2025-02-10,2025-02-17,Expired,5
27,Jennifer Coleman,Path Goes to School,Children,2025-02-09,2025-02-16,Fulfilled,3
70,Samuel Roberson,Understanding Fire,Science,2025-02-07,2025-02-14,Fulfilled,5
264,Jeffrey Morgan,The Last River,Fiction,2025-02-06,2025-02-13,Expired,4
256,Tyler Dixon,The Rise of Fire,History,2025-02-04,2025-02-11,Fulfilled,1
66,Brandon Kim,Leading with Light,Business,2025-02-01,2025-02-08,Fulfilled,1
157,Kathy Obrien,The Last Dream,Fiction,2025-01-29,2025-02-05,Fulfilled,1
104,Alexander King,Mountain Explained,Science,2025-01-22,2025-01-29,Fulfilled,2
326,Linda Wolfe,The Science of Star,Science,2025-01-21,2025-01-28,Fulfilled,4
184,David Howard,The Rise of Dream,History,2025-01-20,2025-01-27,Fulfilled,5
247,Wendy Sanders,Ancient Ocean,Fiction,2025-01-19,2025-01-26,Fulfilled,1
292,Jennifer Wilson,When River Falls,Fiction,2025-01-19,2025-01-26,Fulfilled,1
349,Jonathan Reyes,A Story of River,Fiction,2025-01-19,2025-01-26,Cancelled,4
201,Stephen Madden,The Broken Secret,Mystery,2025-01-12,2025-01-19,Pending,5
123,Nicole James,River and Meaning,Philosophy,2025-01-10,2025-01-17,Fulfilled,5
257,Robert Silva,Master Your River,Self-Help,2025-01-10,2025-01-17,Fulfilled,4
61,Brandon Kim,My First Mountain,Children,2025-01-09,2025-01-16,Pending,1
172,Kayla Griffin,Lost River,History,2025-01-04,2025-01-11,Fulfilled,5
239,Edward Reyes,A Story of Light,Fiction,2025-01-01,2025-01-08,Expired,2
274,Ashley Krause,Principles of Path,Science,2024-12-30,2025-01-06,Pending,5
24,Dale Sandoval,Shadow: A Chronicle,History,2024-12-26,2025-01-02,Pending,4
226,Luis Acosta,Missing Shadow,Mystery,2024-12-22,2024-12-29,Pending,2
62,Nicole James,Thinking About Shadow,Philosophy,2024-12-20,2024-12-27,Pending,4
80,Catherine Morris,The Last Fire,Fiction,2024-12-11,2024-12-18,Pending,4
242,Manuel Lee,Ocean: A Chronicle,History,2024-12-11,2024-12-18,Expired,5
185,Andrew Willis,Leading with Light,Business,2024-12-10,2024-12-17,Fulfilled,1
287,Erica Dillon,Understanding Ocean,Science,2024-12-06,2024-12-13,Cancelled,5
316,Patrick Torres,Principles of Star,Science,2024-12-06,2024-12-13,Cancelled,4
338,Sean Montes,The Rise of Light,History,2024-12-04,2024-12-11,Expired,3
97,Linda Jarvis,The Rise of Light,History,2024-12-01,2024-12-08,Pending,5
74,Tommy Lee,The Ocean Handbook,Technology,2024-11-27,2024-12-04,Fulfilled,4
30,Audrey Aguirre,Missing Shadow,Mystery,2024-11-23,2024-11-30,Pending,3
217,Omar Padilla,In the Words of Ariana Wallace,Biography,2024-11-21,2024-11-28,Expired,5
224,Timothy Carroll,The Power of Path,Self-Help,2024-11-15,2024-11-22,Pending,3
266,Jennifer Brock,Lost Light,History,2024-11-15,2024-11-22,Fulfilled,3
279,Tara Johnson,Path Every Day,Self-Help,2024-11-15,2024-11-22,Cancelled,5
117,James Cruz,Master Your River,Self-Help,2024-11-08,2024-11-15,Cancelled,1
233,Cynthia Benjamin,The Last Dream,Fiction,2024-11-03,2024-11-10,Cancelled,4
58,Deborah Parker,My First Shadow,Children,2024-11-01,2024-11-08,Fulfilled,1
42,Brenda Smith,The Philosophy of Light,Philosophy,2024-10-19,2024-10-26,Fulfilled,3
125,Patrick Torres,In the Words of Joseph Chapman,Biography,2024-10-18,2024-10-25,Pending,2
186,Dylan Jackson,When Fire Falls,Fiction,2024-10-15,2024-10-22,Fulfilled,1
222,Brandon Kim,Master Your Storm,Self-Help,2024-10-13,2024-10-20,Cancelled,3
151,Cindy Jimenez,Broken Storm,Fiction,2024-10-09,2024-10-16,Cancelled,1
200,Christopher Walker,River and Meaning,Philosophy,2024-10-07,2024-10-14,Pending,1
236,Lisa Adams,Dream in Business,Business,2024-10-07,2024-10-14,Cancelled,1
73,Paul White,Master Your Fire,Self-Help,2024-10-06,2024-10-13,Fulfilled,4
282,Michelle Cochran,Principles of Star,Science,2024-09-30,2024-10-07,Pending,2
84,Valerie Jones,When River Falls,Fiction,2024-09-28,2024-10-05,Fulfilled,5
75,Dylan Becker,Murder at Millbrook,Mystery,2024-09-23,2024-09-30,Cancelled,5
174,Sharon Kennedy,The Case of the Lost Path,Mystery,2024-09-11,2024-09-18,Expired,1
44,Sabrina Weaver,In the Words of Joseph Chapman,Biography,2024-09-10,2024-09-17,Fulfilled,5
68,Susan Hall,Ocean Every Day,Self-Help,2024-09-08,2024-09-15,Cancelled,5
331,Stephen Madden,The Light Strategy,Business,2024-09-07,2024-09-14,Fulfilled,4
14,Jesus Baker,Principles of Path,Science,2024-09-05,2024-09-12,Fulfilled,1
304,Deborah Dawson,The Power of Path,Self-Help,2024-08-26,2024-09-02,Fulfilled,2
82,Valerie Jones,Finding Karla Willis,Biography,2024-08-25,2024-09-01,Pending,4
206,Kevin Hardy,Dream in Practice,Technology,2024-08-23,2024-08-30,Pending,5
6,Rachel Greene,Mastering Fire,Technology,2024-08-16,2024-08-23,Expired,1
46,John Wise,The Dream Strategy,Business,2024-08-15,2024-08-22,Fulfilled,4
147,Kristen Strickland,My First Path,Children,2024-08-15,2024-08-22,Expired,1
278,Jose Williams,The Last Light,Fiction,2024-07-30,2024-08-06,Expired,4
86,Cindy Jimenez,Shadow: A Chronicle,History,2024-07-29,2024-08-05,Cancelled,3
193,Kathy Obrien,Leading with Light,Business,2024-07-27,2024-08-03,Pending,5
251,Robert Silva,A Story of Ocean,Fiction,2024-07-22,2024-07-29,Fulfilled,2
149,Laura Martin,A Story of Dream,Fiction,2024-07-19,2024-07-26,Fulfilled,5
16,Ann Shea,The Last River,Fiction,2024-07-07,2024-07-14,Cancelled,4
156,Courtney Conner,Murder at Ashford,Mystery,2024-07-04,2024-07-11,Pending,4
160,Andrea Jones,Mastering Storm,Technology,2024-07-04,2024-07-11,Cancelled,5
262,Stacy Holloway,Leading with Mountain,Business,2024-06-30,2024-07-07,Fulfilled,2
339,Cindy Jimenez,Mastering River,Technology,2024-06-29,2024-07-06,Fulfilled,5
100,Randy Brooks,Nicolas Brown: A Memoir,Biography,2024-06-26,2024-07-03,Expired,2
344,Amy Lopez,Mountain Explained,Science,2024-06-23,2024-06-30,Pending,2
1,Corey Martin,Thinking About Ocean,Philosophy,2024-06-15,2024-06-22,Pending,1
243,Frank Perez,Mountain Explained,Science,2024-06-15,2024-06-22,Fulfilled,1
77,Brandon Kim,The Case of the Ancient Light,Mystery,2024-06-12,2024-06-19,Cancelled,2
268,Michelle Wells,Murder at Stonehaven,Mystery,2024-06-06,2024-06-13,Pending,3
121,Rebekah Hill,Fire in Business,Business,2024-06-04,2024-06-11,Expired,3
96,James Stewart,Little River,Children,2024-05-29,2024-06-05,Pending,4
69,Edward Cuevas,Master Your Storm,Self-Help,2024-05-27,2024-06-03,Pending,4
114,Paul Scott,The Life of Cynthia Gregory,Biography,2024-05-20,2024-05-27,Cancelled,2
313,April Mcintyre,Mastering Storm,Technology,2024-05-14,2024-05-21,Fulfilled,2
109,Kevin Hardy,Path in Practice,Technology,2024-05-12,2024-05-19,Fulfilled,2
195,Nathan Richards,The Art of Dream,Business,2024-05-07,2024-05-14,Pending,4
135,Sandra Romero,River in Business,Business,2024-05-02,2024-05-09,Fulfilled,1
171,Kathy Obrien,The Science of Fire,Science,2024-04-29,2024-05-06,Pending,4
298,Valerie Jones,Mountain Every Day,Self-Help,2024-04-29,2024-05-06,Fulfilled,5
2,Jennifer Garcia,Path and Meaning,Philosophy,2024-04-26,2024-05-03,Fulfilled,5
34,Jennifer Wilson,When Star Falls,Fiction,2024-04-11,2024-04-18,Fulfilled,3
53,Zachary Mccoy,Murder at Stonehaven,Mystery,2024-04-08,2024-04-15,Cancelled,4
134,Riley Morgan,River Explained,Science,2024-04-08,2024-04-15,Fulfilled,2
158,Jeffery Wagner,Mountain Every Day,Self-Help,2024-04-05,2024-04-12,Expired,4
33,Christine Becker,River and Meaning,Philosophy,2024-03-30,2024-04-06,Fulfilled,5
322,Tommy Lee,Ocean Explained,Science,2024-03-22,2024-03-29,Pending,2
124,Sharon Kennedy,When River Falls,Fiction,2024-03-21,2024-03-28,Fulfilled,1
249,Robert Barr,Murder at Westgate,Mystery,2024-03-18,2024-03-25,Expired,1
299,Peter Gamble,The Path Handbook,Technology,2024-03-18,2024-03-25,Pending,2
208,Charlene Hahn,Missing River,Mystery,2024-03-12,2024-03-19,Expired,2
191,Christopher Jordan,The Hidden Secret,Mystery,2024-03-08,2024-03-15,Cancelled,4
250,James Washington,Murder at Clearwater,Mystery,2024-02-21,2024-02-28,Fulfilled,1
152,Natasha Decker,The Science of Star,Science,2024-02-11,2024-02-18,Cancelled,4
105,Melissa Rivas,Dream and Meaning,Philosophy,2024-02-08,2024-02-15,Cancelled,2
309,Ryan Clark,When Fire Falls,Fiction,2024-02-06,2024-02-13,Cancelled,1
106,Lori Davis,The Philosophy of Path,Philosophy,2024-02-01,2024-02-08,Pending,3
263,Cynthia Faulkner,The Science of Path,Science,2024-02-01,2024-02-08,Fulfilled,5
245,Brandi Bender,Leading with Mountain,Business,2024-01-27,2024-02-03,Cancelled,5
333,John Wise,The Dream Strategy,Business,2024-01-22,2024-01-29,Cancelled,3
346,Ashley Peterson,Missing Dream,Mystery,2024-01-18,2024-01-25,Expired,3
78,Brian Miller,Ocean and Meaning,Philosophy,2024-01-13,2024-01-20,Cancelled,3
153,Christopher Jordan,Thinking About Ocean,Philosophy,2024-01-09,2024-01-16,Pending,3
238,John Dawson,The Case of the Ancient Light,Mystery,2024-01-09,2024-01-16,Fulfilled,5
25,Michelle Cochran,Mastering Shadow,Technology,2024-01-08,2024-01-15,Fulfilled,5
60,Johnathan Gilbert,Ocean Goes to School,Children,2024-01-05,2024-01-12,Pending,4
13,Brandon Kim,Yolanda Mccoy: A Memoir,Biography,2024-01-04,2024-01-11,Cancelled,1
199,Morgan Alexander,The Power of Mountain,Self-Help,2023-12-31,2024-01-07,Cancelled,1
192,Amy Lopez,The Hidden Secret,Mystery,2023-12-30,2024-01-06,Fulfilled,3
237,Michael Turner,Ancient Ocean,Fiction,2023-12-29,2024-01-05,Expired,2
133,Christopher Fry,Modern Storm,Technology,2023-12-25,2024-01-01,Fulfilled,5
255,Steven Lara,The Case of the Silent Ocean,Mystery,2023-12-23,2023-12-30,Expired,2
139,Michelle Cochran,The Power of Mountain,Self-Help,2023-12-10,2023-12-17,Pending,1
296,Brenda Smith,Darren Huynh: A Memoir,Biography,2023-12-09,2023-12-16,Cancelled,5
94,Brian Hayes,Mastering Fire,Technology,2023-12-03,2023-12-10,Fulfilled,2
39,Christopher Fry,Understanding Ocean,Science,2023-12-01,2023-12-08,Expired,4
182,Julie Hernandez,Star and Meaning,Philosophy,2023-11-30,2023-12-07,Pending,5
303,Danielle Dean,The Star Handbook,Technology,2023-11-29,2023-12-06,Pending,2
81,Kristin Walter,The Case of the Dark River,Mystery,2023-11-25,2023-12-02,Expired,2
15,Joseph Young,The Adventures of Mountain,Children,2023-11-20,2023-11-27,Fulfilled,5
29,Jeremy Johnson,Shadow Explained,Science,2023-11-07,2023-11-14,Pending,5
271,Dylan Becker,The Science of Path,Science,2023-11-03,2023-11-10,Pending,3
311,David Howard,The Shadow Handbook,Technology,2023-11-02,2023-11-09,Pending,4
337,Charlene Hahn,Fire in Business,Business,2023-10-28,2023-11-04,Fulfilled,2
180,Michael Rodriguez,The Rise of Ocean,History,2023-10-24,2023-10-31,Fulfilled,5
284,Amanda Oconnell,River Explained,Science,2023-10-17,2023-10-24,Fulfilled,2
163,Shawn Garcia,Little Star,Children,2023-10-16,2023-10-23,Fulfilled,5
8,Kristin Walter,The Rise of Shadow,History,2023-10-11,2023-10-18,Pending,3
150,Karen Evans,Star Every Day,Self-Help,2023-10-11,2023-10-18,Pending,5
178,Catherine Hamilton,River and Meaning,Philosophy,2023-10-10,2023-10-17,Fulfilled,2
131,Wendy Sanders,The Power of Mountain,Self-Help,2023-10-09,2023-10-16,Fulfilled,1
202,Robert Silva,The Star Handbook,Technology,2023-10-06,2023-10-13,Pending,1
305,Charles Schultz,Master Your River,Self-Help,2023-10-05,2023-10-12,Fulfilled,3
345,Joshua Evans,A Story of Ocean,Fiction,2023-10-02,2023-10-09,Cancelled,4
130,Sandra Romero,Modern Storm,Technology,2023-09-30,2023-10-07,Cancelled,4
307,Jessica Hansen,River and Meaning,Philosophy,2023-09-27,2023-10-04,Expired,1
310,John Davis,My First Ocean,Children,2023-09-19,2023-09-26,Pending,3
65,James Washington,Fire in Business,Business,2023-09-15,2023-09-22,Pending,3
101,Kaitlyn Navarro,Path and Meaning,Philosophy,2023-09-10,2023-09-17,Fulfilled,2
325,Courtney Conner,The Light Handbook,Technology,2023-08-31,2023-09-07,Fulfilled,1
20,Kathy Obrien,Little Storm,Children,2023-08-30,2023-09-06,Fulfilled,5
95,Catherine Morris,The Power of Fire,Self-Help,2023-08-16,2023-08-23,Expired,5
59,Renee Jones,Murder at Westgate,Mystery,2023-08-15,2023-08-22,Pending,5
40,Nicole James,Path Goes to School,Children,2023-08-10,2023-08-17,Pending,4
269,Paul Scott,Murder at Stonehaven,Mystery,2023-08-05,2023-08-12,Fulfilled,5
118,Angela Gonzales,Modern Fire,Technology,2023-08-01,2023-08-08,Fulfilled,4
230,Cindy Jimenez,The Science of Fire,Science,2023-07-28,2023-08-04,Expired,1
231,Dylan Jackson,Master Your River,Self-Help,2023-07-25,2023-08-01,Fulfilled,4
289,Michael Rodriguez,The Adventures of Star,Children,2023-07-22,2023-07-29,Fulfilled,2
45,Kristen Strickland,The Art of Dream,Business,2023-07-19,2023-07-26,Fulfilled,2
302,Cody Simmons,Shadow in Practice,Technology,2023-07-16,2023-07-23,Expired,4
318,Erica Dillon,The Science of Fire,Science,2023-07-16,2023-07-23,Fulfilled,1
272,Yolanda Smith,The Case of the Dark Mountain,Mystery,2023-07-15,2023-07-22,Pending,1
232,Johnathan Gilbert,Dream Every Day,Self-Help,2023-07-14,2023-07-21,Fulfilled,2
254,Manuel Lee,Fire: A Chronicle,History,2023-07-12,2023-07-19,Expired,5
146,Shawn Garcia,Shadow and Meaning,Philosophy,2023-07-10,2023-07-17,Fulfilled,5
37,Alan Rodriguez,Master Your Mountain,Self-Help,2023-07-02,2023-07-09,Fulfilled,1
306,James White,The Rise of Shadow,History,2023-07-01,2023-07-08,Fulfilled,2
281,Yolanda Smith,The Science of Storm,Science,2023-06-29,2023-07-06,Pending,4
108,Laura Hansen,The Ocean Strategy,Business,2023-06-23,2023-06-30,Fulfilled,2
343,Thomas Carlson,Shadow Explained,Science,2023-06-23,2023-06-30,Fulfilled,4
329,Michelle Wells,Little Star,Children,2023-06-22,2023-06-29,Fulfilled,3
145,Dana Cox,Star Every Day,Self-Help,2023-06-21,2023-06-28,Cancelled,4
52,Charlene Hahn,Principles of Shadow,Science,2023-06-13,2023-06-20,Fulfilled,1
91,Patrick Torres,Thinking About Shadow,Philosophy,2023-06-12,2023-06-19,Pending,3
241,Brian Miller,The Philosophy of River,Philosophy,2023-06-11,2023-06-18,Fulfilled,2
285,Brandi Bender,My First Mountain,Children,2023-06-09,2023-06-16,Fulfilled,1
179,Ryan Clark,Finding Karla Willis,Biography,2023-06-02,2023-06-09,Pending,5
320,Peter Gamble,The Last Ocean,Fiction,2023-06-01,2023-06-08,Fulfilled,5
168,Linda Wolfe,Dream and Meaning,Philosophy,2023-05-29,2023-06-05,Fulfilled,5
215,Edward Cuevas,The Philosophy of River,Philosophy,2023-05-21,2023-05-28,Fulfilled,3
290,Jessica Hansen,Understanding Fire,Science,2023-05-19,2023-05-26,Fulfilled,1
85,Sandra Romero,Thinking About Shadow,Philosophy,2023-05-18,2023-05-25,Fulfilled,2
308,Rebekah Hill,The Rise of Dream,History,2023-05-16,2023-05-23,Fulfilled,5
253,Susan Hall,River: A Chronicle,History,2023-05-12,2023-05-19,Pending,5
47,Daniel Diaz,Principles of Storm,Science,2023-05-10,2023-05-17,Fulfilled,1
11,Deborah Parker,Path in Practice,Technology,2023-05-07,2023-05-14,Cancelled,1
63,Patrick Torres,In the Words of Karen Martinez,Biography,2023-05-07,2023-05-14,Pending,5
270,Anthony Alvarez,A Story of Ocean,Fiction,2023-05-06,2023-05-13,Fulfilled,5
113,John Wells,Principles of River,Science,2023-05-05,2023-05-12,Cancelled,4
218,Paige Alvarez,Little Storm,Children,2023-05-04,2023-05-11,Fulfilled,4
330,Cynthia Faulkner,In the Words of Daniel Howell,Biography,2023-05-04,2023-05-11,Fulfilled,3
198,Mario Mcdonald,Star Every Day,Self-Help,2023-05-01,2023-05-08,Pending,1
79,Kayla Griffin,Star and Meaning,Philosophy,2023-04-21,2023-04-28,Pending,5
19,Ryan Swanson,Leading with Star,Business,2023-04-13,2023-04-20,Fulfilled,2
225,Erica Cruz,In the Words of Tiffany Watson,Biography,2023-04-13,2023-04-20,Fulfilled,3
138,Sean Montes,Leading with Path,Business,2023-04-12,2023-04-19,Cancelled,2
246,Wendy Allen,Light Goes to School,Children,2023-04-12,2023-04-19,Expired,5
67,Manuel Lee,The Science of Fire,Science,2023-04-11,2023-04-18,Pending,5
248,Michelle Wells,Murder at Ashford,Mystery,2023-04-09,2023-04-16,Pending,5
103,Andrew Smith,Star Explained,Science,2023-04-07,2023-04-14,Pending,3
155,Daisy Smith,Star Explained,Science,2023-04-05,2023-04-12,Fulfilled,4
261,Timothy Gibson,Murder at Riverdale,Mystery,2023-04-01,2023-04-08,Cancelled,5
229,Jennifer Garcia,Nicolas Brown: A Memoir,Biography,2023-03-29,2023-04-05,Fulfilled,1
321,Benjamin Wood,Modern Fire,Technology,2023-03-25,2023-04-01,Expired,5
219,Erica Cruz,Leading with Storm,Business,2023-03-21,2023-03-28,Cancelled,5
213,Michelle Cochran,Shadow Explained,Science,2023-03-14,2023-03-21,Fulfilled,3
348,Timothy Gibson,My First Mountain,Children,2023-03-13,2023-03-20,Cancelled,1
115,Heather Taylor,On Dream,Philosophy,2023-03-09,2023-03-16,Fulfilled,5
76,Randy Velasquez,Fire Goes to School,Children,2023-03-01,2023-03-08,Fulfilled,3
350,Margaret Turner,The Life of Rebecca Bailey,Biography,2023-02-27,2023-03-06,Fulfilled,3
235,Frank Perez,Light: A Chronicle,History,2023-02-18,2023-02-25,Fulfilled,2
319,Ann Shea,The Case of the Lost Storm,Mystery,2023-02-16,2023-02-23,Fulfilled,4
5,Kimberly Bryant,Murder at Clearwater,Mystery,2023-02-15,2023-02-22,Cancelled,5
43,Rebekah Hill,A Story of Path,Fiction,2023-02-14,2023-02-21,Expired,3
141,Diana Mitchell,Master Your Dream,Self-Help,2023-02-03,2023-02-10,Pending,4
89,Ryan Swanson,Principles of Shadow,Science,2023-01-31,2023-02-07,Pending,4
140,Randy Brooks,My First Mountain,Children,2023-01-31,2023-02-07,Pending,1
161,Amy Lopez,Mountain: A Chronicle,History,2023-01-31,2023-02-07,Fulfilled,2
276,Daniel James,The Case of the Lost Storm,Mystery,2023-01-29,2023-02-05,Pending,4
267,Alan Rodriguez,The River Strategy,Business,2023-01-23,2023-01-30,Pending,3
334,Alexander Benson,Shadow and Meaning,Philosophy,2023-01-18,2023-01-25,Fulfilled,2
288,Gary Richardson,Ocean and Meaning,Philosophy,2023-01-13,2023-01-20,Pending,2
41,Jennifer Coleman,Dream Every Day,Self-Help,2023-01-01,2023-01-08,Fulfilled,3
